Smell_Word	Smell_Source	Odour_Carrier	Perceiver	Quality	Effect	Evoked_Odorant	Creator	Circumstances	Location	Time	Title	Annotator
verduften											LITERATURE_020G 1835 Arnim, Bettina von_ Goethe_s Briefwechsel mit einem Kinde. Bd. 1. Berlin, 1835.txtah_potentially_smelly_passages_725.txt	annotator11.tsv
Wohlgerüchen											LITERATURE_020G 1835 Arnim, Bettina von_ Goethe_s Briefwechsel mit einem Kinde. Bd. 1. Berlin, 1835.txtah_potentially_smelly_passages_725.txt	annotator11.tsv
Duft											LITERATURE_020G 1835 Arnim, Bettina von_ Goethe_s Briefwechsel mit einem Kinde. Bd. 1. Berlin, 1835.txtah_potentially_smelly_passages_725.txt	annotator11.tsv
verdufte											LITERATURE_020G 1835 Arnim, Bettina von_ Goethe_s Briefwechsel mit einem Kinde. Bd. 1. Berlin, 1835.txtah_potentially_smelly_passages_725.txt	annotator11.tsv
wohlriechende	Kraͤuter			wohlriechende	Zur Erhaltung des Leichnams						TRAVEL_ETHNOGRAPHY_052G 1777 Engelbert Kaempfer Geschichte und Beschreibung von Japan. Hrsg. v. Christian Wilhelm von Dohm. Bd. 1. Lemgo, 1777.txtar_potentially_smelly_passages_2290.txt	annotator9.tsv
aromatiſchen	Subſtanzen										HOUSEHOLD_RECIPES_068G 1896 Heinrich Samter Das Reich der Erfindngen. Berlin, 1896..txtba_potentially_smelly_passages_138.txt	annotator11.tsv
wohlriechende	Seyffe										MEDICINE_BOTANY_019G 1699 Abel, Heinrich Kaspar_ Wohlerfahrner Leib-Medicus der Studenten. Leipzig.txtao_potentially_smelly_passages_1373.txt	annotator11.tsv
riechende	Stiffel-Wichſe			wohl							MEDICINE_BOTANY_019G 1699 Abel, Heinrich Kaspar_ Wohlerfahrner Leib-Medicus der Studenten. Leipzig.txtao_potentially_smelly_passages_1373.txt	annotator9.tsv
wohlriechende	Seyffe			wohlriechende							MEDICINE_BOTANY_019G 1699 Abel, Heinrich Kaspar_ Wohlerfahrner Leib-Medicus der Studenten. Leipzig.txtao_potentially_smelly_passages_1373.txt	annotator9.tsv
riechendes	Gas			erſtickend							HOUSEHOLD_RECIPES_068G 1896 Heinrich Samter Das Reich der Erfindngen. Berlin, 1896..txtbn_potentially_smelly_passages_1331.txt	annotator11.tsv
riechendes	Gas			erſtickend				Verbrennt man Schwefel			HOUSEHOLD_RECIPES_068G 1896 Heinrich Samter Das Reich der Erfindngen. Berlin, 1896..txtbn_potentially_smelly_passages_1331.txt	annotator9.tsv
Lufft				frembden	durchſchneidet vnd martert den Magen						TRAVEL_ETHNOGRAPHY_024G 1631 Johann Ludwig Gottfried Newe Welt Vnd Americanische Historien. Frankfurt (Main), 1631..txtab_potentially_smelly_passages_1278.txt	annotator9.tsv
Geruch	des Schiffs				durchſchneidet vnd martert den Magen						TRAVEL_ETHNOGRAPHY_024G 1631 Johann Ludwig Gottfried Newe Welt Vnd Americanische Historien. Frankfurt (Main), 1631..txtab_potentially_smelly_passages_1278.txt	annotator9.tsv
Lufft		Lufft		ſubtil | durchdringend	daß ſie biß zum Eingeweyd koͤmmet						TRAVEL_ETHNOGRAPHY_024G 1631 Johann Ludwig Gottfried Newe Welt Vnd Americanische Historien. Frankfurt (Main), 1631..txtab_potentially_smelly_passages_1278.txt	annotator9.tsv
Lufft		Lufft			jhm ſein Leben abkuͤrtzet						TRAVEL_ETHNOGRAPHY_024G 1631 Johann Ludwig Gottfried Newe Welt Vnd Americanische Historien. Frankfurt (Main), 1631..txtab_potentially_smelly_passages_1278.txt	annotator9.tsv
Lufft		Lufft	man	ſanffte	todt auff die Erden fallen | Bißweilen fallen einem die Finger von den Haͤn - den / vnd die Zeen von den Fuͤſſen						TRAVEL_ETHNOGRAPHY_024G 1631 Johann Ludwig Gottfried Newe Welt Vnd Americanische Historien. Frankfurt (Main), 1631..txtab_potentially_smelly_passages_1278.txt	annotator9.tsv
Duft	Blume		Ich	Duft		wie Tempelduft					LITERATURE_020G 1835 Arnim, Bettina von_ Goethe_s Briefwechsel mit einem Kinde. Bd. 1. Berlin, 1835.txtae_potentially_smelly_passages_178.txt	annotator9.tsv
Gerüchen			wir								SCIENCE_PHILOSOPHY_001E Zwaardemaker 1895 Die Physiologie des Geruchs.txtaa_potentially_smelly_passages_1833.txt	annotator9.tsv
riechen	Rettige | nach dem menſchlichen Miſt | Rettige			ſo ſtark	keiner in Europa davon eſſen wuͤrde						TRAVEL_ETHNOGRAPHY_052G 1777 Engelbert Kaempfer Geschichte und Beschreibung von Japan. Hrsg. v. Christian Wilhelm von Dohm. Bd. 1. Lemgo, 1777.txtaj_potentially_smelly_passages_1938.txt	annotator9.tsv
Geſtanks	nach dem menſchlichen Miſt	ſie		Geſtanks	keiner in Europa davon eſſen wuͤrde			womit ſie geduͤnget werden			TRAVEL_ETHNOGRAPHY_052G 1777 Engelbert Kaempfer Geschichte und Beschreibung von Japan. Hrsg. v. Christian Wilhelm von Dohm. Bd. 1. Lemgo, 1777.txtaj_potentially_smelly_passages_1938.txt	annotator9.tsv
riecht	ein Pomerantzen farbes Pulffer					Schweffel		alsdann die gefaͤrbte Lauge ab / und andere wieder daran gegoſſen / die gefaͤrbten Laugen filtrirt / und etwas Eſ - ſig drein getroͤpfflet	Boden		SCIENCE_PHILOSOPHY_035G 1672 Lazarus Ercker Aula subterranea. Frankfurt (Main), 1672..txtaq_potentially_smelly_passages_448.txt	annotator9.tsv
duftendes	Maſtir			duftendes				Mahle			TRAVEL_ETHNOGRAPHY_067G 1892 Karl May Durchs Wilde Kurdistan. Freiburg (Breisgau) 1892.txtaf_potentially_smelly_passages_2542.txt	annotator9.tsv
wohlriechenden	Poudre			wohlriechenden							MEDICINE_BOTANY_019G 1699 Abel, Heinrich Kaspar_ Wohlerfahrner Leib-Medicus der Studenten. Leipzig.txtao_potentially_smelly_passages_1377.txt	annotator9.tsv
wohlriechend	Blitz-Pulver			wohlriechend							MEDICINE_BOTANY_019G 1699 Abel, Heinrich Kaspar_ Wohlerfahrner Leib-Medicus der Studenten. Leipzig.txtao_potentially_smelly_passages_1377.txt	annotator9.tsv
aromatisch	Ge - tränke										MEDICINE_BOTANY_003G Johann Ferdinand Heyfelder 1832 Die Cholera in Frankreich.txtan_potentially_smelly_passages_2572.txt	annotator11.tsv
duftet	deine Rede			duftet		Roſen | Nelken					TRAVEL_ETHNOGRAPHY_067G 1892 Karl May Durchs Wilde Kurdistan. Freiburg (Breisgau) 1892.txtah_potentially_smelly_passages_1742.txt	annotator9.tsv
duftete	Thymian			ſo ſtark							LITERATURE_020G 1835 Arnim, Bettina von_ Goethe_s Briefwechsel mit einem Kinde. Bd. 1. Berlin, 1835.txtah_potentially_smelly_passages_723.txt	annotator11.tsv
duftete	Thymian			ſo ſtark | duftete							LITERATURE_020G 1835 Arnim, Bettina von_ Goethe_s Briefwechsel mit einem Kinde. Bd. 1. Berlin, 1835.txtah_potentially_smelly_passages_723.txt	annotator9.tsv
Leichengeruch	Leichengeruch			süßlicher				der erste Feuerüberfall hatte eine Menge von Zivilisten unter den Trümmern ihrer Wohnungen begraben	Aus vielen Ruinen		LITERATURE_004G Ernst Junger 1922 In Stahlgewittern.txtaa_potentially_smelly_passages_2564.txt	annotator9.tsv
Leichengeruch				süßlicher					Aus vielen Ruinen		LITERATURE_004G Ernst Junger 1922 In Stahlgewittern.txtaa_potentially_smelly_passages_2564.txt	ger.tsv
duftenden	Linde			duftenden							LITERATURE_020G 1835 Arnim, Bettina von_ Goethe_s Briefwechsel mit einem Kinde. Bd. 1. Berlin, 1835.txtag_potentially_smelly_passages_1891.txt	annotator9.tsv
Geruch			Jch	wuͤrzhaften		wie von einem einbalſamirten Leichnam					RELIGION_051G 1776 Emmanuel Swedenborg Auserlesene Schriften. Bd. 4. Frankfurt (Main), 1776.txtai_potentially_smelly_passages_2400.txt	annotator9.tsv
Todtengeruch			man	Todtengeruch	wann dieſen boͤſe Geiſier empfin - den , ſo koͤnnen ſie ſich nicht naͤhern	wie von Ge - wuͤrz		Dann wann himmliſche Engel zugegen ſind			RELIGION_051G 1776 Emmanuel Swedenborg Auserlesene Schriften. Bd. 4. Frankfurt (Main), 1776.txtai_potentially_smelly_passages_2400.txt	annotator9.tsv
geruchloſes	Fabrikat										HOUSEHOLD_RECIPES_068G 1896 Heinrich Samter Das Reich der Erfindngen. Berlin, 1896..txtay_potentially_smelly_passages_62.txt	annotator11.tsv
geruchloſes	Fabrikat			geruchloſes				Zuhilfenahme von Chemikalien			HOUSEHOLD_RECIPES_068G 1896 Heinrich Samter Das Reich der Erfindngen. Berlin, 1896..txtay_potentially_smelly_passages_62.txt	annotator9.tsv
Geruch	Stuhlgänge										MEDICINE_BOTANY_003G Johann Ferdinand Heyfelder 1832 Die Cholera in Frankreich.txtag_potentially_smelly_passages_53.txt	annotator11.tsv
dünstend	Körper										MEDICINE_BOTANY_003G Johann Ferdinand Heyfelder 1832 Die Cholera in Frankreich.txtag_potentially_smelly_passages_53.txt	annotator9.tsv
Geruch	Stuhlgänge					mehr fäculent				Gleichzeitig	MEDICINE_BOTANY_003G Johann Ferdinand Heyfelder 1832 Die Cholera in Frankreich.txtag_potentially_smelly_passages_53.txt	annotator9.tsv
riechet	Kraut			wohl | angenehm							HOUSEHOLD_RECIPES_048G 1753 Christian Reichardt Land- u. Garten-Schatzes. Bd. 4. Erfurt, 1753.txtak_potentially_smelly_passages_733.txt	annotator11.tsv
riechet	Die - ſes Kraut			uͤberaus wohl und angenehm							HOUSEHOLD_RECIPES_048G 1753 Christian Reichardt Land- u. Garten-Schatzes. Bd. 4. Erfurt, 1753.txtak_potentially_smelly_passages_733.txt	annotator9.tsv
riechend	Stühle			aculent							MEDICINE_BOTANY_003G Johann Ferdinand Heyfelder 1832 Die Cholera in Frankreich.txtae_potentially_smelly_passages_2049.txt	annotator11.tsv
riechend	Die Stühle			( aculent						Am nächsten Morgen	MEDICINE_BOTANY_003G Johann Ferdinand Heyfelder 1832 Die Cholera in Frankreich.txtae_potentially_smelly_passages_2049.txt	annotator9.tsv
stinkende	Gase			stinkende					Über der kahlen Erde		LITERATURE_004G Ernst Junger 1922 In Stahlgewittern.txtab_potentially_smelly_passages_1509.txt	annotator9.tsv
aromatiſchen	Beſtandteile der geröſteten Kaffee							Verflüchten			HOUSEHOLD_RECIPES_068G 1896 Heinrich Samter Das Reich der Erfindngen. Berlin, 1896..txtaz_potentially_smelly_passages_1120.txt	annotator11.tsv
duftende	Mai - blumen										LITERATURE_020G 1835 Arnim, Bettina von_ Goethe_s Briefwechsel mit einem Kinde. Bd. 1. Berlin, 1835.txtaj_potentially_smelly_passages_1334.txt	annotator11.tsv
duftende	Sträußer von Mai - blumen			duftende						Vor acht Wochen	LITERATURE_020G 1835 Arnim, Bettina von_ Goethe_s Briefwechsel mit einem Kinde. Bd. 1. Berlin, 1835.txtaj_potentially_smelly_passages_1334.txt	annotator9.tsv
riecht	Pflanze	Munde	er								TRAVEL_ETHNOGRAPHY_052G 1777 Engelbert Kaempfer Geschichte und Beschreibung von Japan. Hrsg. v. Christian Wilhelm von Dohm. Bd. 1. Lemgo, 1777.txtak_potentially_smelly_passages_1149.txt	annotator9.tsv
geduftet	Esma Khan			geduftet							TRAVEL_ETHNOGRAPHY_067G 1892 Karl May Durchs Wilde Kurdistan. Freiburg (Breisgau) 1892.txtah_potentially_smelly_passages_1743.txt	annotator9.tsv
riechen	die Fußſtapf - fen der Feinde		Waͤchtern		gehen ſie den Feinden entge - gen				von ferne		TRAVEL_ETHNOGRAPHY_024G 1631 Johann Ludwig Gottfried Newe Welt Vnd Americanische Historien. Frankfurt (Main), 1631..txtao_potentially_smelly_passages_829.txt	annotator9.tsv
duftenden	Römer										HOUSEHOLD_RECIPES_068G 1896 Heinrich Samter Das Reich der Erfindngen. Berlin, 1896..txtay_potentially_smelly_passages_68.txt	annotator11.tsv
geruchloſe	Flamme		man								HOUSEHOLD_RECIPES_068G 1896 Heinrich Samter Das Reich der Erfindngen. Berlin, 1896..txtao_potentially_smelly_passages_685.txt	annotator11.tsv
geruchloſe	Flamme			geruchloſe				Nur wenn dieſer durchaus richtig reguliert wird			HOUSEHOLD_RECIPES_068G 1896 Heinrich Samter Das Reich der Erfindngen. Berlin, 1896..txtao_potentially_smelly_passages_685.txt	annotator9.tsv
duftenden	Weinberge			duftenden	ſchmeichelten mich wieder zufrieden						LITERATURE_020G 1835 Arnim, Bettina von_ Goethe_s Briefwechsel mit einem Kinde. Bd. 1. Berlin, 1835.txtag_potentially_smelly_passages_1890.txt	annotator9.tsv
duftenden											LITERATURE_020G 1835 Arnim, Bettina von_ Goethe_s Briefwechsel mit einem Kinde. Bd. 1. Berlin, 1835.txtac_potentially_smelly_passages_1272.txt	annotator11.tsv
duftenden	Weihrauch			duftenden						in dieſem Früh - jahr	LITERATURE_020G 1835 Arnim, Bettina von_ Goethe_s Briefwechsel mit einem Kinde. Bd. 1. Berlin, 1835.txtac_potentially_smelly_passages_1272.txt	annotator9.tsv
Chlorgeruch	Chlorgeruch			starker				zündeten wir vor den Eingängen große Strohfeuer an	im Bergwerke		LITERATURE_004G Ernst Junger 1922 In Stahlgewittern.txtaa_potentially_smelly_passages_2560.txt	annotator9.tsv
Qualm	Qualm			beizender	uns fast aus unserem Zufluchtsort vertrieb und uns zwang , die Luft durch Schwenken von Mänteln und Zeltbahnen zu reinigen			zündeten wir vor den Eingängen große Strohfeuer an			LITERATURE_004G Ernst Junger 1922 In Stahlgewittern.txtaa_potentially_smelly_passages_2560.txt	annotator9.tsv
Chlorgeruch				starker					Bergwerke		LITERATURE_004G Ernst Junger 1922 In Stahlgewittern.txtaa_potentially_smelly_passages_2560.txt	ger.tsv
wohl riechenden	Ro - ſen-Waſſer			guten							MEDICINE_BOTANY_019G 1699 Abel, Heinrich Kaspar_ Wohlerfahrner Leib-Medicus der Studenten. Leipzig.txtan_potentially_smelly_passages_960.txt	annotator11.tsv
Geruch	Pulvern		man								MEDICINE_BOTANY_019G 1699 Abel, Heinrich Kaspar_ Wohlerfahrner Leib-Medicus der Studenten. Leipzig.txtan_potentially_smelly_passages_960.txt	annotator11.tsv
riechenden	Ro - ſen-Waſſer			wohl							MEDICINE_BOTANY_019G 1699 Abel, Heinrich Kaspar_ Wohlerfahrner Leib-Medicus der Studenten. Leipzig.txtan_potentially_smelly_passages_960.txt	annotator9.tsv
Geruch	es			noch ed - ler							MEDICINE_BOTANY_019G 1699 Abel, Heinrich Kaspar_ Wohlerfahrner Leib-Medicus der Studenten. Leipzig.txtan_potentially_smelly_passages_960.txt	annotator9.tsv
duftende	Stoffe			lieblich duftende	welche dem Wein ſein Aroma , das ſogen . „ Bouquet “ oder die „ Blume “ verleihen					während dieſer Gährungs - periode	HOUSEHOLD_RECIPES_068G 1896 Heinrich Samter Das Reich der Erfindngen. Berlin, 1896..txtay_potentially_smelly_passages_65.txt	annotator9.tsv
Balſamduft											LITERATURE_020G 1835 Arnim, Bettina von_ Goethe_s Briefwechsel mit einem Kinde. Bd. 1. Berlin, 1835.txtad_potentially_smelly_passages_2250.txt	annotator11.tsv
Balſamduft	blühender Gefilde			Balſamduft				meine Sehnſucht , mein Gefühl	para - dieſiſche Ufer		LITERATURE_020G 1835 Arnim, Bettina von_ Goethe_s Briefwechsel mit einem Kinde. Bd. 1. Berlin, 1835.txtad_potentially_smelly_passages_2250.txt	annotator9.tsv
stinkt	Senkgrube			stinkt					hinten		LITERATURE_004G Ernst Junger 1922 In Stahlgewittern.txtab_potentially_smelly_passages_1510.txt	annotator9.tsv
stinkt	Senkgrube | Senkgrube										LITERATURE_004G Ernst Junger 1922 In Stahlgewittern.txtab_potentially_smelly_passages_1510.txt	ger.tsv
riechende	Btulileütleerungeu			faulig							MEDICINE_BOTANY_003G Johann Ferdinand Heyfelder 1832 Die Cholera in Frankreich.txtaf_potentially_smelly_passages_2325.txt	annotator11.tsv
Geruch											MEDICINE_BOTANY_003G Johann Ferdinand Heyfelder 1832 Die Cholera in Frankreich.txtaf_potentially_smelly_passages_2325.txt	annotator11.tsv
riechenden	Arzneien		Kranken	wi - drig							MEDICINE_BOTANY_003G Johann Ferdinand Heyfelder 1832 Die Cholera in Frankreich.txtaf_potentially_smelly_passages_2325.txt	annotator11.tsv
riechende	Btulileütleerungeu										MEDICINE_BOTANY_003G Johann Ferdinand Heyfelder 1832 Die Cholera in Frankreich.txtaf_potentially_smelly_passages_2325.txt	annotator9.tsv
Riechen	Tabak | Kaffee		Hundes		Augenblicklich begann der Hund die Suche im Zimmer						TRAVEL_ETHNOGRAPHY_012G Arthur Achleitner Der Finanzer Leipzig 1916.txtaa_potentially_smelly_passages_845.txt	annotator9.tsv
schnupperte	Kasten		der Hund						unter das Bett ,		TRAVEL_ETHNOGRAPHY_012G Arthur Achleitner Der Finanzer Leipzig 1916.txtaa_potentially_smelly_passages_845.txt	annotator9.tsv
riechen	Konterbande		Flock								TRAVEL_ETHNOGRAPHY_012G Arthur Achleitner Der Finanzer Leipzig 1916.txtaa_potentially_smelly_passages_845.txt	annotator9.tsv
riechen	Konterbande		der Hund	keine				Wo keine Konterbande ist			TRAVEL_ETHNOGRAPHY_012G Arthur Achleitner Der Finanzer Leipzig 1916.txtaa_potentially_smelly_passages_845.txt	annotator9.tsv
aromatische	Mittel										MEDICINE_BOTANY_003G Johann Ferdinand Heyfelder 1832 Die Cholera in Frankreich.txtao_potentially_smelly_passages_455.txt	annotator11.tsv
Gasgeruch	Gasgeruch		schadenfrohe Gesellen	stärkeren						In der Nacht	LITERATURE_004G Ernst Junger 1922 In Stahlgewittern.txtaa_potentially_smelly_passages_2562.txt	annotator9.tsv
Nase	gewaltig qualmenden Ofen		Vogel		hielt sich mit Jammermiene die Nase zu					eine Stunde lang	LITERATURE_004G Ernst Junger 1922 In Stahlgewittern.txtaa_potentially_smelly_passages_2562.txt	annotator9.tsv
Gasgeruch			einige schadenfrohe Gesellen	immer stärkeren							LITERATURE_004G Ernst Junger 1922 In Stahlgewittern.txtaa_potentially_smelly_passages_2562.txt	ger.tsv
Geruch	eine art Melonen			lieblichen	daher ſie auch Schamame ge - nant				auſſerhalb der Stadt		TRAVEL_ETHNOGRAPHY_026G 1647 Adam Olearius Offt begehrte Beschreibung Der Newen Orientalischen Rejse. Schleswig, 1647..txtaw_potentially_smelly_passages_697.txt	annotator9.tsv
Wohlgeruch	ein niedliches Gerichtchen enthielt , welches die Form eines Beefſteak hatte		ich	Wohlgeruch	daß ich ſelbſt noch Appetit bekam					Später	TRAVEL_ETHNOGRAPHY_067G 1892 Karl May Durchs Wilde Kurdistan. Freiburg (Breisgau) 1892.txtag_potentially_smelly_passages_485.txt	annotator9.tsv
riechen	„ Die Heuſchrecken							geröſtet , klein geſtoßen und in die Erde gelegt			TRAVEL_ETHNOGRAPHY_067G 1892 Karl May Durchs Wilde Kurdistan. Freiburg (Breisgau) 1892.txtag_potentially_smelly_passages_485.txt	annotator9.tsv
verduften											LITERATURE_020G 1835 Arnim, Bettina von_ Goethe_s Briefwechsel mit einem Kinde. Bd. 1. Berlin, 1835.txtah_potentially_smelly_passages_724.txt	annotator11.tsv
Wohlgerüchen											LITERATURE_020G 1835 Arnim, Bettina von_ Goethe_s Briefwechsel mit einem Kinde. Bd. 1. Berlin, 1835.txtah_potentially_smelly_passages_724.txt	annotator11.tsv
Duft											LITERATURE_020G 1835 Arnim, Bettina von_ Goethe_s Briefwechsel mit einem Kinde. Bd. 1. Berlin, 1835.txtah_potentially_smelly_passages_724.txt	annotator11.tsv
verdufte											LITERATURE_020G 1835 Arnim, Bettina von_ Goethe_s Briefwechsel mit einem Kinde. Bd. 1. Berlin, 1835.txtah_potentially_smelly_passages_724.txt	annotator11.tsv
Wohlgerüchen			ich	Wohlgerüchen	daß jeder deinen Geiſt einſöge durch mich						LITERATURE_020G 1835 Arnim, Bettina von_ Goethe_s Briefwechsel mit einem Kinde. Bd. 1. Berlin, 1835.txtah_potentially_smelly_passages_724.txt	annotator9.tsv
Duft	das Feuer			Duft							LITERATURE_020G 1835 Arnim, Bettina von_ Goethe_s Briefwechsel mit einem Kinde. Bd. 1. Berlin, 1835.txtah_potentially_smelly_passages_724.txt	annotator9.tsv
verdufte	ich			verdufte							LITERATURE_020G 1835 Arnim, Bettina von_ Goethe_s Briefwechsel mit einem Kinde. Bd. 1. Berlin, 1835.txtah_potentially_smelly_passages_724.txt	annotator9.tsv
Geruch		Die Wuͤrkungs-Crayſe	die Geiſter | die Menſchen								RELIGION_051G 1776 Emmanuel Swedenborg Auserlesene Schriften. Bd. 4. Frankfurt (Main), 1776.txtad_potentially_smelly_passages_2260.txt	annotator9.tsv
Geruch	Heuchler	Wuͤrkungs-Crayß		zum Brechen einfallender | zum Brechen einfallender							RELIGION_051G 1776 Emmanuel Swedenborg Auserlesene Schriften. Bd. 4. Frankfurt (Main), 1776.txtad_potentially_smelly_passages_2260.txt	annotator9.tsv
Dunſt	Heuchler	Wuͤrkungs-Crayß		zum Brechen einfallender | zum Brechen einfallender							RELIGION_051G 1776 Emmanuel Swedenborg Auserlesene Schriften. Bd. 4. Frankfurt (Main), 1776.txtad_potentially_smelly_passages_2260.txt	annotator9.tsv
Ausduͤnſtung	Der pra - lenden Redner					wie gebrannt Brod ,					RELIGION_051G 1776 Emmanuel Swedenborg Auserlesene Schriften. Bd. 4. Frankfurt (Main), 1776.txtad_potentially_smelly_passages_2260.txt	annotator9.tsv
Dunſt	Wolluͤſtigen			wie ein Secret							RELIGION_051G 1776 Emmanuel Swedenborg Auserlesene Schriften. Bd. 4. Frankfurt (Main), 1776.txtad_potentially_smelly_passages_2260.txt	annotator9.tsv
riecht	der Ehebrecher			uͤb - ler							RELIGION_051G 1776 Emmanuel Swedenborg Auserlesene Schriften. Bd. 4. Frankfurt (Main), 1776.txtad_potentially_smelly_passages_2260.txt	annotator9.tsv
Ausduͤnſtung	Gehaͤßigen | Geitzigen					Todten-Geruch | wie der Maͤuſe					RELIGION_051G 1776 Emmanuel Swedenborg Auserlesene Schriften. Bd. 4. Frankfurt (Main), 1776.txtad_potentially_smelly_passages_2260.txt	annotator9.tsv
Ausduͤnſtung	welche Unſchuldige verfolgt ha - ben					wie Laͤuſe					RELIGION_051G 1776 Emmanuel Swedenborg Auserlesene Schriften. Bd. 4. Frankfurt (Main), 1776.txtad_potentially_smelly_passages_2260.txt	annotator9.tsv
Ausduͤnſtungen			kei - nem | welchem die innere Fuͤhl-Kraͤfften eroͤffnet ſeynd								RELIGION_051G 1776 Emmanuel Swedenborg Auserlesene Schriften. Bd. 4. Frankfurt (Main), 1776.txtad_potentially_smelly_passages_2260.txt	annotator9.tsv
Dunſt-Crayß	Weibsbild				hat etliche Tage einen Geſtank von ſich ge - geben , wo ſie hinkam						RELIGION_051G 1776 Emmanuel Swedenborg Auserlesene Schriften. Bd. 4. Frankfurt (Main), 1776.txtad_potentially_smelly_passages_2260.txt	annotator9.tsv
Geſtank	Weibsbild			Geſtank				welche her - nach [ 96 / 0096 ] Von den Wuͤrkungs-Crayſen nach ſich zu den Sirenen-Geſtalten geſellt	wo ſie hinkam		RELIGION_051G 1776 Emmanuel Swedenborg Auserlesene Schriften. Bd. 4. Frankfurt (Main), 1776.txtad_potentially_smelly_passages_2260.txt	annotator9.tsv
Dunſt			Die Geiſter			wie toͤdtlich					RELIGION_051G 1776 Emmanuel Swedenborg Auserlesene Schriften. Bd. 4. Frankfurt (Main), 1776.txtad_potentially_smelly_passages_2260.txt	annotator9.tsv
riechen	Blumen			angenehm							HOUSEHOLD_RECIPES_068G 1896 Heinrich Samter Das Reich der Erfindngen. Berlin, 1896..txtay_potentially_smelly_passages_61.txt	annotator11.tsv
riechen	eine Roſe und ein Veilchen			angenehm	mit einander verwechſeln könnte						HOUSEHOLD_RECIPES_068G 1896 Heinrich Samter Das Reich der Erfindngen. Berlin, 1896..txtay_potentially_smelly_passages_61.txt	annotator9.tsv
aromatiſches	Citronen - Saltz Eſſenz										MEDICINE_BOTANY_019G 1699 Abel, Heinrich Kaspar_ Wohlerfahrner Leib-Medicus der Studenten. Leipzig.txtal_potentially_smelly_passages_2405.txt	annotator11.tsv
aromatiſches	Citronen - Saltz Eſſenz			aromatiſches						Morgens und Abends	MEDICINE_BOTANY_019G 1699 Abel, Heinrich Kaspar_ Wohlerfahrner Leib-Medicus der Studenten. Leipzig.txtal_potentially_smelly_passages_2405.txt	annotator9.tsv
Geruch	Schwefelkohlenſtoff			betäubendem | durchdringendem							HOUSEHOLD_RECIPES_068G 1896 Heinrich Samter Das Reich der Erfindngen. Berlin, 1896..txtau_potentially_smelly_passages_2463.txt	annotator11.tsv
Geruch	Schwefelkohlenſtoff			betäubendem | durchdringendem				Schwefeldampf über glühende Kohlen leitet [ 415 / 0433 ] Färben und Drucken . Fuſelöl ] in geſchloſſenen Apparaten behandelte			HOUSEHOLD_RECIPES_068G 1896 Heinrich Samter Das Reich der Erfindngen. Berlin, 1896..txtau_potentially_smelly_passages_2463.txt	annotator9.tsv
Geruch	Biſam | Zibeth | Gal - liæ Moſchatæ | Aliptæ Moſchatæ		du								MEDICINE_BOTANY_019G 1699 Abel, Heinrich Kaspar_ Wohlerfahrner Leib-Medicus der Studenten. Leipzig.txtan_potentially_smelly_passages_958.txt	annotator11.tsv
wohlriechend	Pulver	Kleidern									MEDICINE_BOTANY_019G 1699 Abel, Heinrich Kaspar_ Wohlerfahrner Leib-Medicus der Studenten. Leipzig.txtan_potentially_smelly_passages_958.txt	annotator11.tsv
wohlriechende	Seyffe			fuͤrtreffliche							MEDICINE_BOTANY_019G 1699 Abel, Heinrich Kaspar_ Wohlerfahrner Leib-Medicus der Studenten. Leipzig.txtan_potentially_smelly_passages_958.txt	annotator11.tsv
Geruch				edler			du				MEDICINE_BOTANY_019G 1699 Abel, Heinrich Kaspar_ Wohlerfahrner Leib-Medicus der Studenten. Leipzig.txtan_potentially_smelly_passages_958.txt	annotator9.tsv
Aroma				künſtliches							HOUSEHOLD_RECIPES_068G 1896 Heinrich Samter Das Reich der Erfindngen. Berlin, 1896..txtba_potentially_smelly_passages_139.txt	annotator11.tsv
wohl riechende	Spaniſche Maſſa										MEDICINE_BOTANY_019G 1699 Abel, Heinrich Kaspar_ Wohlerfahrner Leib-Medicus der Studenten. Leipzig.txtal_potentially_smelly_passages_2406.txt	annotator11.tsv
Geruch											MEDICINE_BOTANY_019G 1699 Abel, Heinrich Kaspar_ Wohlerfahrner Leib-Medicus der Studenten. Leipzig.txtal_potentially_smelly_passages_2406.txt	annotator11.tsv
riechende	Spaniſche Maſſa			wohl							MEDICINE_BOTANY_019G 1699 Abel, Heinrich Kaspar_ Wohlerfahrner Leib-Medicus der Studenten. Leipzig.txtal_potentially_smelly_passages_2406.txt	annotator9.tsv
Geruch	Pulver			angenehmen | wohl	dem Kopff zutraͤglichen						MEDICINE_BOTANY_019G 1699 Abel, Heinrich Kaspar_ Wohlerfahrner Leib-Medicus der Studenten. Leipzig.txtal_potentially_smelly_passages_2406.txt	annotator9.tsv
Geruches	Kaffees			brenzlichen				Wird das Brennen zu weit fortgeſetzt			HOUSEHOLD_RECIPES_068G 1896 Heinrich Samter Das Reich der Erfindngen. Berlin, 1896..txtaz_potentially_smelly_passages_1118.txt	annotator11.tsv
Aroma	Kaffees			angenehme							HOUSEHOLD_RECIPES_068G 1896 Heinrich Samter Das Reich der Erfindngen. Berlin, 1896..txtaz_potentially_smelly_passages_1118.txt	annotator11.tsv
Aroma											HOUSEHOLD_RECIPES_068G 1896 Heinrich Samter Das Reich der Erfindngen. Berlin, 1896..txtaz_potentially_smelly_passages_1118.txt	annotator11.tsv
Gerüche	Kaffee							gebrannte			HOUSEHOLD_RECIPES_068G 1896 Heinrich Samter Das Reich der Erfindngen. Berlin, 1896..txtaz_potentially_smelly_passages_1118.txt	annotator11.tsv
wohlriechenderen	Kaffee										HOUSEHOLD_RECIPES_068G 1896 Heinrich Samter Das Reich der Erfindngen. Berlin, 1896..txtaz_potentially_smelly_passages_1118.txt	annotator11.tsv
Geruches	Kaffees			brenzlichen				Wird das Brennen zu weit fortgeſetzt			HOUSEHOLD_RECIPES_068G 1896 Heinrich Samter Das Reich der Erfindngen. Berlin, 1896..txtaz_potentially_smelly_passages_1118.txt	annotator9.tsv
Gerüche	aus ſeiner Umgebung	Kaffee			weshalb er in hermetiſch ſchließenden Büchſen aufbewahrt werden muß | Dieſes Aroma iſt überhaupt ſehr empfindlich und geht häufig auch dadurch verloren				Umgebung		HOUSEHOLD_RECIPES_068G 1896 Heinrich Samter Das Reich der Erfindngen. Berlin, 1896..txtaz_potentially_smelly_passages_1118.txt	annotator9.tsv
wohlriechenderen	Kaffee			wohlriechenderen					Prag und Karlsbad		HOUSEHOLD_RECIPES_068G 1896 Heinrich Samter Das Reich der Erfindngen. Berlin, 1896..txtaz_potentially_smelly_passages_1118.txt	annotator9.tsv
wohl - riechenden	Moß-Puder			guten | guten							MEDICINE_BOTANY_019G 1699 Abel, Heinrich Kaspar_ Wohlerfahrner Leib-Medicus der Studenten. Leipzig.txtaj_potentially_smelly_passages_1500.txt	annotator11.tsv
riechenden	Moß-Puder			wohl						endlich	MEDICINE_BOTANY_019G 1699 Abel, Heinrich Kaspar_ Wohlerfahrner Leib-Medicus der Studenten. Leipzig.txtaj_potentially_smelly_passages_1500.txt	annotator9.tsv
riechender	Materie			wol							TRAVEL_ETHNOGRAPHY_026G 1647 Adam Olearius Offt begehrte Beschreibung Der Newen Orientalischen Rejse. Schleswig, 1647..txtbi_potentially_smelly_passages_796.txt	annotator9.tsv
wohl - riechenden	Sachen | Wachol - derſtraͤuchen | Wacholdern | balſamus floridiſſimus | ſtets gruͤnender Balſam										MEDICINE_BOTANY_019G 1699 Abel, Heinrich Kaspar_ Wohlerfahrner Leib-Medicus der Studenten. Leipzig.txtag_potentially_smelly_passages_1711.txt	annotator11.tsv
wohlriechenden	Sa - chen | Sa - chen										MEDICINE_BOTANY_019G 1699 Abel, Heinrich Kaspar_ Wohlerfahrner Leib-Medicus der Studenten. Leipzig.txtag_potentially_smelly_passages_1711.txt	annotator11.tsv
wohlriechenden	Sa - chen		Spiritus								MEDICINE_BOTANY_019G 1699 Abel, Heinrich Kaspar_ Wohlerfahrner Leib-Medicus der Studenten. Leipzig.txtag_potentially_smelly_passages_1711.txt	annotator11.tsv
riechenden	Sachen			wohl	alſo die kalte und dicke Lufft zertrennen und corrigiren			Bey truͤber kalter und naſſer Lufft	ihre Stuben und Gemaͤcher		MEDICINE_BOTANY_019G 1699 Abel, Heinrich Kaspar_ Wohlerfahrner Leib-Medicus der Studenten. Leipzig.txtag_potentially_smelly_passages_1711.txt	annotator9.tsv
wohlriechenden	Sa - chen			wohlriechenden					ſeine Stuben		MEDICINE_BOTANY_019G 1699 Abel, Heinrich Kaspar_ Wohlerfahrner Leib-Medicus der Studenten. Leipzig.txtag_potentially_smelly_passages_1711.txt	annotator9.tsv
wohlriechenden	Sa - chen			wohlriechenden							MEDICINE_BOTANY_019G 1699 Abel, Heinrich Kaspar_ Wohlerfahrner Leib-Medicus der Studenten. Leipzig.txtag_potentially_smelly_passages_1711.txt	annotator9.tsv
Geruch	gerösteter Brotscheiben	den Raum						Ofen			LITERATURE_004G Ernst Junger 1922 In Stahlgewittern.txtaa_potentially_smelly_passages_2556.txt	annotator9.tsv
Geruch	winzigen Ofen					gerösteter Brotscheiben			Raum		LITERATURE_004G Ernst Junger 1922 In Stahlgewittern.txtaa_potentially_smelly_passages_2556.txt	ger.tsv
verdufteten	ſilberne Weisheit			verdufteten							LITERATURE_020G 1835 Arnim, Bettina von_ Goethe_s Briefwechsel mit einem Kinde. Bd. 1. Berlin, 1835.txtai_potentially_smelly_passages_2385.txt	annotator9.tsv
stinkenden	bösen Wetter			stinkenden	nicht gekommen | nicht gekommen				Tiefe		TRAVEL_ETHNOGRAPHY_062G 1842 Gustav Rose Reise nach dem Ural, dem Altai und dem Kaspischen Meere. Band 2. Berlin, 1842.txtal_potentially_smelly_passages_2059.txt	annotator9.tsv
Duft	Himmels - ſchlüſſel			ſanften | freundlichen							LITERATURE_020G 1835 Arnim, Bettina von_ Goethe_s Briefwechsel mit einem Kinde. Bd. 1. Berlin, 1835.txtaj_potentially_smelly_passages_1335.txt	annotator11.tsv
duftenden	Orangenbaum		ich						Schatten		LITERATURE_020G 1835 Arnim, Bettina von_ Goethe_s Briefwechsel mit einem Kinde. Bd. 1. Berlin, 1835.txtab_potentially_smelly_passages_1740.txt	annotator11.tsv
duftenden	Orangenbaum	Schatten	ich	duftenden				blühte der Orangenbaum	in meinem Zimmer	Im Früh - jahr	LITERATURE_020G 1835 Arnim, Bettina von_ Goethe_s Briefwechsel mit einem Kinde. Bd. 1. Berlin, 1835.txtab_potentially_smelly_passages_1740.txt	annotator9.tsv
Leichengeruch	Leichengeruch								Raum		LITERATURE_004G Ernst Junger 1922 In Stahlgewittern.txtab_potentially_smelly_passages_1508.txt	annotator9.tsv
Leichengeruch									Raum		LITERATURE_004G Ernst Junger 1922 In Stahlgewittern.txtab_potentially_smelly_passages_1508.txt	ger.tsv
geruch	Sprit										HOUSEHOLD_RECIPES_068G 1896 Heinrich Samter Das Reich der Erfindngen. Berlin, 1896..txtay_potentially_smelly_passages_63.txt	annotator11.tsv
geſchmackloſer				geruch | geruch							HOUSEHOLD_RECIPES_068G 1896 Heinrich Samter Das Reich der Erfindngen. Berlin, 1896..txtay_potentially_smelly_passages_63.txt	annotator11.tsv
geruch	Sprit			geruch				deſtilliert			HOUSEHOLD_RECIPES_068G 1896 Heinrich Samter Das Reich der Erfindngen. Berlin, 1896..txtay_potentially_smelly_passages_63.txt	annotator9.tsv
Geruch	Tabakdampfes			angenehmen							HOUSEHOLD_RECIPES_068G 1896 Heinrich Samter Das Reich der Erfindngen. Berlin, 1896..txtaz_potentially_smelly_passages_1123.txt	annotator11.tsv
Tabakgeruch	Nikotin | Öl			betäubendem							HOUSEHOLD_RECIPES_068G 1896 Heinrich Samter Das Reich der Erfindngen. Berlin, 1896..txtaz_potentially_smelly_passages_1123.txt	annotator11.tsv
Geruch	des Tabakdampfes	Nikotianin oder der Tabakskampfer		angenehmen							HOUSEHOLD_RECIPES_068G 1896 Heinrich Samter Das Reich der Erfindngen. Berlin, 1896..txtaz_potentially_smelly_passages_1123.txt	annotator9.tsv
Tabakgeruch	Tabakgeruch			betäubendem							HOUSEHOLD_RECIPES_068G 1896 Heinrich Samter Das Reich der Erfindngen. Berlin, 1896..txtaz_potentially_smelly_passages_1123.txt	annotator9.tsv
riecht	es					nach Os - N003 mium		wenn man es fein zerrieben hat | Im Kolben mit Salpeter geschmolzen			TRAVEL_ETHNOGRAPHY_062G 1842 Gustav Rose Reise nach dem Ural, dem Altai und dem Kaspischen Meere. Band 2. Berlin, 1842.txtaq_potentially_smelly_passages_2127.txt	annotator9.tsv
riechenden	Schleim			säuerlich							MEDICINE_BOTANY_003G Johann Ferdinand Heyfelder 1832 Die Cholera in Frankreich.txtai_potentially_smelly_passages_857.txt	annotator11.tsv
riechenden	Schleim			säuerlich							MEDICINE_BOTANY_003G Johann Ferdinand Heyfelder 1832 Die Cholera in Frankreich.txtai_potentially_smelly_passages_857.txt	annotator9.tsv
wohlriechende	Wurzel										HOUSEHOLD_RECIPES_048G 1753 Christian Reichardt Land- u. Garten-Schatzes. Bd. 4. Erfurt, 1753.txtaj_potentially_smelly_passages_1675.txt	annotator11.tsv
wohlriechende	Wurzel			wohlriechende							HOUSEHOLD_RECIPES_048G 1753 Christian Reichardt Land- u. Garten-Schatzes. Bd. 4. Erfurt, 1753.txtaj_potentially_smelly_passages_1675.txt	annotator9.tsv
Geruch	er | Sake , vielleicht ein Cabliau				ſeinen Namen	wie das Getraͤnk Sake					TRAVEL_ETHNOGRAPHY_052G 1777 Engelbert Kaempfer Geschichte und Beschreibung von Japan. Hrsg. v. Christian Wilhelm von Dohm. Bd. 1. Lemgo, 1777.txtak_potentially_smelly_passages_1146.txt	annotator9.tsv
riecht	er | Sake , vielleicht ein Cabliau					wie das Getraͤnk Sake					TRAVEL_ETHNOGRAPHY_052G 1777 Engelbert Kaempfer Geschichte und Beschreibung von Japan. Hrsg. v. Christian Wilhelm von Dohm. Bd. 1. Lemgo, 1777.txtak_potentially_smelly_passages_1146.txt	annotator9.tsv
Ge - ruchs	Angiers / Roſen / Lilien / Jaſminen / Violen / vnd andere dergleichen			ſtarcken boͤſen							TRAVEL_ETHNOGRAPHY_024G 1631 Johann Ludwig Gottfried Newe Welt Vnd Americanische Historien. Frankfurt (Main), 1631..txtac_potentially_smelly_passages_1766.txt	annotator9.tsv
riechen	welche			ſehr lieblich							TRAVEL_ETHNOGRAPHY_024G 1631 Johann Ludwig Gottfried Newe Welt Vnd Americanische Historien. Frankfurt (Main), 1631..txtac_potentially_smelly_passages_1766.txt	annotator9.tsv
Geruch	Der Baum			wunderbarlichen							TRAVEL_ETHNOGRAPHY_024G 1631 Johann Ludwig Gottfried Newe Welt Vnd Americanische Historien. Frankfurt (Main), 1631..txtac_potentially_smelly_passages_1766.txt	annotator9.tsv
Geruchs	die Blum Joloſuchil			ſehr ſtarcken							TRAVEL_ETHNOGRAPHY_024G 1631 Johann Ludwig Gottfried Newe Welt Vnd Americanische Historien. Frankfurt (Main), 1631..txtac_potentially_smelly_passages_1766.txt	annotator9.tsv
wohlriechendem	Oel			wohlriechendem						taͤglich	TRAVEL_ETHNOGRAPHY_052G 1777 Engelbert Kaempfer Geschichte und Beschreibung von Japan. Hrsg. v. Christian Wilhelm von Dohm. Bd. 1. Lemgo, 1777.txtaf_potentially_smelly_passages_979.txt	annotator9.tsv
riechen	daran		ich								RELIGION_046G 1729 Joachim Lange Apostolisches Licht und Recht. Bd. 1. Halle, 1729.txtdw_potentially_smelly_passages_2094.txt	annotator9.tsv
riechen	die Fuß - ſtapffen		Waͤchter								TRAVEL_ETHNOGRAPHY_024G 1631 Johann Ludwig Gottfried Newe Welt Vnd Americanische Historien. Frankfurt (Main), 1631..txtao_potentially_smelly_passages_830.txt	annotator9.tsv
riechendes	Reizgas englischer Granaten				die Augen tränen machte | erschwert | erschwert	nach faulen Äpfeln			Boden		LITERATURE_004G Ernst Junger 1922 In Stahlgewittern.txtab_potentially_smelly_passages_1511.txt	annotator9.tsv
riechendes	Reizgas					nach faulen Äpfeln					LITERATURE_004G Ernst Junger 1922 In Stahlgewittern.txtab_potentially_smelly_passages_1511.txt	ger.tsv
riechen	die Spur des Entflohenen	an den Blättern der Bäume	Die Puris								TRAVEL_ETHNOGRAPHY_063G 1850 Ida Pfeiffer Eine Frauenfahrt um die Welt, Band 1. Wien, 1850.txtaa_potentially_smelly_passages_344.txt	annotator9.tsv
Geruchs	er										TRAVEL_ETHNOGRAPHY_052G 1777 Engelbert Kaempfer Geschichte und Beschreibung von Japan. Hrsg. v. Christian Wilhelm von Dohm. Bd. 1. Lemgo, 1777.txtaj_potentially_smelly_passages_1935.txt	annotator9.tsv
wohlriechende	Harze			wohlriechende							TRAVEL_ETHNOGRAPHY_052G 1777 Engelbert Kaempfer Geschichte und Beschreibung von Japan. Hrsg. v. Christian Wilhelm von Dohm. Bd. 1. Lemgo, 1777.txtaj_potentially_smelly_passages_1935.txt	annotator9.tsv
Geruch	ihres Rauchs	Harze									TRAVEL_ETHNOGRAPHY_052G 1777 Engelbert Kaempfer Geschichte und Beschreibung von Japan. Hrsg. v. Christian Wilhelm von Dohm. Bd. 1. Lemgo, 1777.txtaj_potentially_smelly_passages_1935.txt	annotator9.tsv
wohlriechenden	Sachen			wohlriechenden	anzuhalten						TRAVEL_ETHNOGRAPHY_052G 1777 Engelbert Kaempfer Geschichte und Beschreibung von Japan. Hrsg. v. Christian Wilhelm von Dohm. Bd. 1. Lemgo, 1777.txtaj_potentially_smelly_passages_1935.txt	annotator9.tsv
Geruch				fluͤchtigen				Ambra wird von den Einwohnern nicht anders gebraucht , als wie ein Zuſaz zu andern wohlriechenden Sachen			TRAVEL_ETHNOGRAPHY_052G 1777 Engelbert Kaempfer Geschichte und Beschreibung von Japan. Hrsg. v. Christian Wilhelm von Dohm. Bd. 1. Lemgo, 1777.txtaj_potentially_smelly_passages_1935.txt	annotator9.tsv
Geruch	Ne - gelken / Cardemom vnd Caneel oder Zimmet	Meethe		aromatiſchen				in ein Tuͤchlein / haͤn - gens ins Faß / vnd laſſen es mit gehren			TRAVEL_ETHNOGRAPHY_026G 1647 Adam Olearius Offt begehrte Beschreibung Der Newen Orientalischen Rejse. Schleswig, 1647..txtah_potentially_smelly_passages_2629.txt	annotator9.tsv
dampfte	Pferd							Er war jedenfalls ſehr raſch geritten			TRAVEL_ETHNOGRAPHY_067G 1892 Karl May Durchs Wilde Kurdistan. Freiburg (Breisgau) 1892.txtam_potentially_smelly_passages_1889.txt	annotator9.tsv
wohlriechend	Blitz-Pulver										MEDICINE_BOTANY_019G 1699 Abel, Heinrich Kaspar_ Wohlerfahrner Leib-Medicus der Studenten. Leipzig.txtao_potentially_smelly_passages_1376.txt	annotator11.tsv
wohlriechenden	Poudre			wohlriechenden							MEDICINE_BOTANY_019G 1699 Abel, Heinrich Kaspar_ Wohlerfahrner Leib-Medicus der Studenten. Leipzig.txtao_potentially_smelly_passages_1376.txt	annotator9.tsv
wohlriechend	Blitz-Pulver			wohlriechend							MEDICINE_BOTANY_019G 1699 Abel, Heinrich Kaspar_ Wohlerfahrner Leib-Medicus der Studenten. Leipzig.txtao_potentially_smelly_passages_1376.txt	annotator9.tsv
Wohlgeruch	Fläſchlein			Wohlgeruch					aus Perſien		TRAVEL_ETHNOGRAPHY_067G 1892 Karl May Durchs Wilde Kurdistan. Freiburg (Breisgau) 1892.txtag_potentially_smelly_passages_488.txt	annotator9.tsv
Hamgeruch											MEDICINE_BOTANY_003G Johann Ferdinand Heyfelder 1832 Die Cholera in Frankreich.txtai_potentially_smelly_passages_858.txt	annotator11.tsv
riechen	kleinen Strauß		er								LITERATURE_020G 1835 Arnim, Bettina von_ Goethe_s Briefwechsel mit einem Kinde. Bd. 1. Berlin, 1835.txtae_potentially_smelly_passages_175.txt	annotator11.tsv
riechen	meinen kleinen Strauß		Engländer								LITERATURE_020G 1835 Arnim, Bettina von_ Goethe_s Briefwechsel mit einem Kinde. Bd. 1. Berlin, 1835.txtae_potentially_smelly_passages_175.txt	annotator9.tsv
Geruch	sie				heftig angreift	nach Osmium		auf der Kohle geglüht			TRAVEL_ETHNOGRAPHY_062G 1842 Gustav Rose Reise nach dem Ural, dem Altai und dem Kaspischen Meere. Band 2. Berlin, 1842.txtar_potentially_smelly_passages_1736.txt	annotator9.tsv
riechende	Schmierſeifen			ſtark | angenehm							HOUSEHOLD_RECIPES_068G 1896 Heinrich Samter Das Reich der Erfindngen. Berlin, 1896..txtbo_potentially_smelly_passages_1006.txt	annotator11.tsv
riechende	Schmierſeifen			un - angenehm							HOUSEHOLD_RECIPES_068G 1896 Heinrich Samter Das Reich der Erfindngen. Berlin, 1896..txtbo_potentially_smelly_passages_1006.txt	annotator9.tsv
stinkende	Stuhlentleerungen			stinkende	was immer einen Zustand von Paralyse anzeigt						MEDICINE_BOTANY_003G Johann Ferdinand Heyfelder 1832 Die Cholera in Frankreich.txtam_potentially_smelly_passages_1587.txt	annotator9.tsv
Verweſungsgeruch				Verweſungsgeruch | faule				Der Nervengeiſt behält blos noch das Vermögen , ſich einen atomiſtiſchen Leib oder vielmehr einen Scheinkörper anzubilden .			RELIGION_059G 1834 Justinus Kerner Geschichten Besessener neuerer Zeit. Karlsruhe, 1834.txtaf_potentially_smelly_passages_185.txt	annotator9.tsv
duftete					Wohl - geruch				mein Schlafzimmer		LITERATURE_020G 1835 Arnim, Bettina von_ Goethe_s Briefwechsel mit einem Kinde. Bd. 1. Berlin, 1835.txtae_potentially_smelly_passages_174.txt	annotator11.tsv
Wohl - geruch											LITERATURE_020G 1835 Arnim, Bettina von_ Goethe_s Briefwechsel mit einem Kinde. Bd. 1. Berlin, 1835.txtae_potentially_smelly_passages_174.txt	annotator11.tsv
Duft	Blume										LITERATURE_020G 1835 Arnim, Bettina von_ Goethe_s Briefwechsel mit einem Kinde. Bd. 1. Berlin, 1835.txtae_potentially_smelly_passages_174.txt	annotator11.tsv
Duft	Blume		mir		wie Tempelduft						LITERATURE_020G 1835 Arnim, Bettina von_ Goethe_s Briefwechsel mit einem Kinde. Bd. 1. Berlin, 1835.txtae_potentially_smelly_passages_174.txt	annotator11.tsv
Tempelduft											LITERATURE_020G 1835 Arnim, Bettina von_ Goethe_s Briefwechsel mit einem Kinde. Bd. 1. Berlin, 1835.txtae_potentially_smelly_passages_174.txt	annotator11.tsv
geruch	hohe Blume		ich	Wohl - geruch					mein Schlafzimmer	wie ich ſpät nach Hauſe kam	LITERATURE_020G 1835 Arnim, Bettina von_ Goethe_s Briefwechsel mit einem Kinde. Bd. 1. Berlin, 1835.txtae_potentially_smelly_passages_174.txt	annotator9.tsv
Duft	hohe Blume			Duft							LITERATURE_020G 1835 Arnim, Bettina von_ Goethe_s Briefwechsel mit einem Kinde. Bd. 1. Berlin, 1835.txtae_potentially_smelly_passages_174.txt	annotator9.tsv
Duft	Blume		Ich	Duft		wie Tempelduft					LITERATURE_020G 1835 Arnim, Bettina von_ Goethe_s Briefwechsel mit einem Kinde. Bd. 1. Berlin, 1835.txtae_potentially_smelly_passages_174.txt	annotator9.tsv
riechendes	Gummi			wol | guten							TRAVEL_ETHNOGRAPHY_026G 1647 Adam Olearius Offt begehrte Beschreibung Der Newen Orientalischen Rejse. Schleswig, 1647..txtau_potentially_smelly_passages_1372.txt	annotator9.tsv
Geruch	Gummi			guten					in einem Gemache		TRAVEL_ETHNOGRAPHY_026G 1647 Adam Olearius Offt begehrte Beschreibung Der Newen Orientalischen Rejse. Schleswig, 1647..txtau_potentially_smelly_passages_1372.txt	annotator9.tsv
Geruch	Das Plaun			keinen ſonderlichen							TRAVEL_ETHNOGRAPHY_026G 1647 Adam Olearius Offt begehrte Beschreibung Der Newen Orientalischen Rejse. Schleswig, 1647..txtau_potentially_smelly_passages_1372.txt	annotator9.tsv
riechet	nach der Laugen	die Aſche						ſo ſtuͤrtze das obere Faß auß / den gro - ben Sand / oder was im abſchlemmen geblieben iſt / das magſtu auffheben zum erſten / die ge - ſchlemmte Aſchen aber / laß uͤber Nacht ſtehen / biß ſich die Truͤbe geſetzet hat / dann zapffe das Waſſer nach gerad ab / biß auff die Aſchen / dann fuͤlle das Faß wieder mit friſchem Waſſer / ruͤhre die Aſchen wiederumh hurtig auff / decke das Faß mit einem Deckel wohl zu / und laß dieſelbe bey drey Wothen in dem Waſſer ſtehen / merck aber darneben / daß du allemahl umb den dritten Tag das Waſſer abzapffeſt / und wiederumb friſch Waſſer darauff fuͤlleſt / und fein hurtig auffgeruͤhret / ſo laugt ſich die Aſchen fein auß			SCIENCE_PHILOSOPHY_035G 1672 Lazarus Ercker Aula subterranea. Frankfurt (Main), 1672..txtab_potentially_smelly_passages_160.txt	annotator9.tsv
duftete	Strauß	an meinem Herzen									LITERATURE_020G 1835 Arnim, Bettina von_ Goethe_s Briefwechsel mit einem Kinde. Bd. 1. Berlin, 1835.txtae_potentially_smelly_passages_177.txt	annotator11.tsv
duftete	Strauß			duftete					an meinem Herzen		LITERATURE_020G 1835 Arnim, Bettina von_ Goethe_s Briefwechsel mit einem Kinde. Bd. 1. Berlin, 1835.txtae_potentially_smelly_passages_177.txt	annotator9.tsv
geruch	Blume			duftete | Wohl - geruch					mein Schlafzimmer		LITERATURE_020G 1835 Arnim, Bettina von_ Goethe_s Briefwechsel mit einem Kinde. Bd. 1. Berlin, 1835.txtae_potentially_smelly_passages_177.txt	annotator9.tsv
Duft	Blume			Duft							LITERATURE_020G 1835 Arnim, Bettina von_ Goethe_s Briefwechsel mit einem Kinde. Bd. 1. Berlin, 1835.txtae_potentially_smelly_passages_177.txt	annotator9.tsv
Geruch	Samens			je ſtaͤrker | deſto beſſer							HOUSEHOLD_RECIPES_048G 1753 Christian Reichardt Land- u. Garten-Schatzes. Bd. 4. Erfurt, 1753.txtaa_potentially_smelly_passages_2288.txt	annotator11.tsv
riechen	er			nicht mehr ſtark							HOUSEHOLD_RECIPES_048G 1753 Christian Reichardt Land- u. Garten-Schatzes. Bd. 4. Erfurt, 1753.txtaa_potentially_smelly_passages_2288.txt	annotator11.tsv
Geruch	ihm			ſtark							HOUSEHOLD_RECIPES_048G 1753 Christian Reichardt Land- u. Garten-Schatzes. Bd. 4. Erfurt, 1753.txtaa_potentially_smelly_passages_2288.txt	annotator11.tsv
Geruch	er			je ſtaͤrker	deſto beſſer er iſt						HOUSEHOLD_RECIPES_048G 1753 Christian Reichardt Land- u. Garten-Schatzes. Bd. 4. Erfurt, 1753.txtaa_potentially_smelly_passages_2288.txt	annotator9.tsv
riechen	er			nicht mehr ſtark				viel alter Same darunter ge - miſcht worden			HOUSEHOLD_RECIPES_048G 1753 Christian Reichardt Land- u. Garten-Schatzes. Bd. 4. Erfurt, 1753.txtaa_potentially_smelly_passages_2288.txt	annotator9.tsv
Geruch	verdorbenen Samen			ſo ſtark							HOUSEHOLD_RECIPES_048G 1753 Christian Reichardt Land- u. Garten-Schatzes. Bd. 4. Erfurt, 1753.txtaa_potentially_smelly_passages_2288.txt	annotator9.tsv
duftende	Stoffe			lieblich				während dieſer Gährungs - periode			HOUSEHOLD_RECIPES_068G 1896 Heinrich Samter Das Reich der Erfindngen. Berlin, 1896..txtay_potentially_smelly_passages_64.txt	annotator11.tsv
Aroma	Wein										HOUSEHOLD_RECIPES_068G 1896 Heinrich Samter Das Reich der Erfindngen. Berlin, 1896..txtay_potentially_smelly_passages_64.txt	annotator11.tsv
Bouquet	Wein										HOUSEHOLD_RECIPES_068G 1896 Heinrich Samter Das Reich der Erfindngen. Berlin, 1896..txtay_potentially_smelly_passages_64.txt	annotator11.tsv
Blume	Wein										HOUSEHOLD_RECIPES_068G 1896 Heinrich Samter Das Reich der Erfindngen. Berlin, 1896..txtay_potentially_smelly_passages_64.txt	annotator11.tsv
aromatiſche	Beſtandteile										HOUSEHOLD_RECIPES_068G 1896 Heinrich Samter Das Reich der Erfindngen. Berlin, 1896..txtay_potentially_smelly_passages_64.txt	annotator11.tsv
duftende	Stoffe			lieblich duftende						Gährungs - periode	HOUSEHOLD_RECIPES_068G 1896 Heinrich Samter Das Reich der Erfindngen. Berlin, 1896..txtay_potentially_smelly_passages_64.txt	annotator9.tsv
Geruch	Er			ſehr ſtarken | penetranten							HOUSEHOLD_RECIPES_048G 1753 Christian Reichardt Land- u. Garten-Schatzes. Bd. 4. Erfurt, 1753.txtae_potentially_smelly_passages_198.txt	annotator11.tsv
Geruch	Er | Er			ſehr ſtarken | penetranten							HOUSEHOLD_RECIPES_048G 1753 Christian Reichardt Land- u. Garten-Schatzes. Bd. 4. Erfurt, 1753.txtae_potentially_smelly_passages_198.txt	annotator9.tsv
stinkenden	Wassern										MEDICINE_BOTANY_003G Johann Ferdinand Heyfelder 1832 Die Cholera in Frankreich.txtah_potentially_smelly_passages_1483.txt	annotator11.tsv
stinkenden	Wassern			stinkenden					auf fruchtbaren Anhöhen dem Nordostwinde zugänglich liegen		MEDICINE_BOTANY_003G Johann Ferdinand Heyfelder 1832 Die Cholera in Frankreich.txtah_potentially_smelly_passages_1483.txt	annotator9.tsv
riecht	Schwe - N007 felwasserstoff	das Wasser							in den Koräkows - N006 kischen See		TRAVEL_ETHNOGRAPHY_062G 1842 Gustav Rose Reise nach dem Ural, dem Altai und dem Kaspischen Meere. Band 2. Berlin, 1842.txtaa_potentially_smelly_passages_1486.txt	annotator9.tsv
wohlriechend	Pulver	zu den Kleidern		wohlriechend							MEDICINE_BOTANY_019G 1699 Abel, Heinrich Kaspar_ Wohlerfahrner Leib-Medicus der Studenten. Leipzig.txtan_potentially_smelly_passages_959.txt	annotator9.tsv
wohlriechende	Seyffe			wohlriechende	dem Haupt ſehr geſund | alle Un - reinigkeit hinweg nimt | die Nerven ſehr ſtaͤrcket						MEDICINE_BOTANY_019G 1699 Abel, Heinrich Kaspar_ Wohlerfahrner Leib-Medicus der Studenten. Leipzig.txtan_potentially_smelly_passages_959.txt	annotator9.tsv
duftigen	Peterſilie			guten | duftigen							TRAVEL_ETHNOGRAPHY_067G 1892 Karl May Durchs Wilde Kurdistan. Freiburg (Breisgau) 1892.txtbc_potentially_smelly_passages_1364.txt	annotator9.tsv
Geruch				uͤbel ſtin - kender		wie von Todtencoͤrpern			in der tiefſten Todtenhoͤlle		RELIGION_051G 1776 Emmanuel Swedenborg Auserlesene Schriften. Bd. 4. Frankfurt (Main), 1776.txtaf_potentially_smelly_passages_1136.txt	annotator9.tsv
Geſtank			ſie	Geſtank	daß ſie ihn auch dem lieblichſten Geruch vorziehen						RELIGION_051G 1776 Emmanuel Swedenborg Auserlesene Schriften. Bd. 4. Frankfurt (Main), 1776.txtaf_potentially_smelly_passages_1136.txt	annotator9.tsv
Geruch			ſie	lieblichſten							RELIGION_051G 1776 Emmanuel Swedenborg Auserlesene Schriften. Bd. 4. Frankfurt (Main), 1776.txtaf_potentially_smelly_passages_1136.txt	annotator9.tsv
Geſtank				Geſtank | duftet				wann ſie eroͤffnet wird	Aus dieſer Hoͤlle	wenig	RELIGION_051G 1776 Emmanuel Swedenborg Auserlesene Schriften. Bd. 4. Frankfurt (Main), 1776.txtaf_potentially_smelly_passages_1136.txt	annotator9.tsv
Geſtank			die Geiſter | die Geiſter	Geſtank					Aus dieſer Hoͤlle		RELIGION_051G 1776 Emmanuel Swedenborg Auserlesene Schriften. Bd. 4. Frankfurt (Main), 1776.txtaf_potentially_smelly_passages_1136.txt	annotator9.tsv
Dampf	Es		die Geiſter | ich | die Geiſter | ich	giftigen und pe - ſtilenziſchen							RELIGION_051G 1776 Emmanuel Swedenborg Auserlesene Schriften. Bd. 4. Frankfurt (Main), 1776.txtaf_potentially_smelly_passages_1136.txt	annotator9.tsv
ſtinckende	Fiſche			ſtinckende							TRAVEL_ETHNOGRAPHY_026G 1647 Adam Olearius Offt begehrte Beschreibung Der Newen Orientalischen Rejse. Schleswig, 1647..txtah_potentially_smelly_passages_2628.txt	annotator9.tsv
ſtincken	Fiſche			ſtincken				wegen mangel des Saltzes			TRAVEL_ETHNOGRAPHY_026G 1647 Adam Olearius Offt begehrte Beschreibung Der Newen Orientalischen Rejse. Schleswig, 1647..txtah_potentially_smelly_passages_2628.txt	annotator9.tsv
riechen	Fiſchmarckt		man					wegen mangel des Saltzes		als man jhn ſihet oder betritt | als man jhn ſihet oder betritt	TRAVEL_ETHNOGRAPHY_026G 1647 Adam Olearius Offt begehrte Beschreibung Der Newen Orientalischen Rejse. Schleswig, 1647..txtah_potentially_smelly_passages_2628.txt	annotator9.tsv
Tabakgeruch	Tabakgeruch		Flocks								TRAVEL_ETHNOGRAPHY_012G Arthur Achleitner Der Finanzer Leipzig 1916.txtaa_potentially_smelly_passages_852.txt	annotator9.tsv
beschnupperte	die Bohnen		Flock								TRAVEL_ETHNOGRAPHY_012G Arthur Achleitner Der Finanzer Leipzig 1916.txtaa_potentially_smelly_passages_852.txt	annotator9.tsv
Geruch	ungebrannten Kaffees		Flock	schwachen							TRAVEL_ETHNOGRAPHY_012G Arthur Achleitner Der Finanzer Leipzig 1916.txtaa_potentially_smelly_passages_852.txt	annotator9.tsv
duftende	Erbsensuppe	Feldküche		duftende							LITERATURE_004G Ernst Junger 1922 In Stahlgewittern.txtaa_potentially_smelly_passages_2552.txt	annotator9.tsv
duftende	Feldküche					nach Erbsensuppe			Irgendwo		LITERATURE_004G Ernst Junger 1922 In Stahlgewittern.txtaa_potentially_smelly_passages_2552.txt	ger.tsv
duftenden	Strauß										LITERATURE_020G 1835 Arnim, Bettina von_ Goethe_s Briefwechsel mit einem Kinde. Bd. 1. Berlin, 1835.txtai_potentially_smelly_passages_2386.txt	annotator11.tsv
duftenden	Kräutchen	Hand	Sie								LITERATURE_020G 1835 Arnim, Bettina von_ Goethe_s Briefwechsel mit einem Kinde. Bd. 1. Berlin, 1835.txtai_potentially_smelly_passages_2386.txt	annotator11.tsv
duftenden	Strauß			duftenden	auf den ſie ſich ſetzten					oft	LITERATURE_020G 1835 Arnim, Bettina von_ Goethe_s Briefwechsel mit einem Kinde. Bd. 1. Berlin, 1835.txtai_potentially_smelly_passages_2386.txt	annotator9.tsv
Schimmelgeruch											HOUSEHOLD_RECIPES_068G 1896 Heinrich Samter Das Reich der Erfindngen. Berlin, 1896..txtay_potentially_smelly_passages_66.txt	annotator11.tsv
Schimmelgeruch	Faß - und Schimmelgeruch	Wein						alte , anrüchige Dauben der Lagerfäſſer , oder auch durch das Schimmligwerden derſelben in dumpfigen Kellern			HOUSEHOLD_RECIPES_068G 1896 Heinrich Samter Das Reich der Erfindngen. Berlin, 1896..txtay_potentially_smelly_passages_66.txt	annotator9.tsv
stinkenden	Wasch - platzes | Wasch - platzes										MEDICINE_BOTANY_003G Johann Ferdinand Heyfelder 1832 Die Cholera in Frankreich.txtab_potentially_smelly_passages_288.txt	annotator11.tsv
stinkenden	Wasch - platzes			stinkenden							MEDICINE_BOTANY_003G Johann Ferdinand Heyfelder 1832 Die Cholera in Frankreich.txtab_potentially_smelly_passages_288.txt	annotator9.tsv
riechen	Blumen							niemalen des Tages | des Nachts			HOUSEHOLD_RECIPES_048G 1753 Christian Reichardt Land- u. Garten-Schatzes. Bd. 4. Erfurt, 1753.txtaj_potentially_smelly_passages_1676.txt	annotator11.tsv
Ge - ruch	ſie			angenehmen							HOUSEHOLD_RECIPES_048G 1753 Christian Reichardt Land- u. Garten-Schatzes. Bd. 4. Erfurt, 1753.txtaj_potentially_smelly_passages_1676.txt	annotator11.tsv
riechen	ſie									niemalen des Tages	HOUSEHOLD_RECIPES_048G 1753 Christian Reichardt Land- u. Garten-Schatzes. Bd. 4. Erfurt, 1753.txtaj_potentially_smelly_passages_1676.txt	annotator9.tsv
Ge - ruch	ſie			angenehmen						des Nachts	HOUSEHOLD_RECIPES_048G 1753 Christian Reichardt Land- u. Garten-Schatzes. Bd. 4. Erfurt, 1753.txtaj_potentially_smelly_passages_1676.txt	annotator9.tsv
duftet	Strauß			angenehm							LITERATURE_020G 1835 Arnim, Bettina von_ Goethe_s Briefwechsel mit einem Kinde. Bd. 1. Berlin, 1835.txtae_potentially_smelly_passages_180.txt	annotator11.tsv
duftet	Strauß			duftet | angenehm							LITERATURE_020G 1835 Arnim, Bettina von_ Goethe_s Briefwechsel mit einem Kinde. Bd. 1. Berlin, 1835.txtae_potentially_smelly_passages_180.txt	annotator9.tsv
Knoblauchgeruches											HOUSEHOLD_RECIPES_068G 1896 Heinrich Samter Das Reich der Erfindngen. Berlin, 1896..txtat_potentially_smelly_passages_547.txt	annotator11.tsv
Knoblauchgeruches	Ausſcheidungsprodukt			ſtarken	ſo entſtandenen Farbſtoffes	Knoblauchgeruches		unter der Ein - wirkung von Licht und Luft			HOUSEHOLD_RECIPES_068G 1896 Heinrich Samter Das Reich der Erfindngen. Berlin, 1896..txtat_potentially_smelly_passages_547.txt	annotator9.tsv
reucht	ein andere Gat - tung					wie Biſam					TRAVEL_ETHNOGRAPHY_024G 1631 Johann Ludwig Gottfried Newe Welt Vnd Americanische Historien. Frankfurt (Main), 1631..txtac_potentially_smelly_passages_1765.txt	annotator9.tsv
riechende	Lufft	Wind | Wind				der See				bißweilen | im Septemb . vnd Octob	TRAVEL_ETHNOGRAPHY_026G 1647 Adam Olearius Offt begehrte Beschreibung Der Newen Orientalischen Rejse. Schleswig, 1647..txtao_potentially_smelly_passages_947.txt	annotator9.tsv
riechet	Same			gut				wenn er duͤrre geworden			HOUSEHOLD_RECIPES_048G 1753 Christian Reichardt Land- u. Garten-Schatzes. Bd. 4. Erfurt, 1753.txtae_potentially_smelly_passages_197.txt	annotator11.tsv
Geruch	Kraͤuterichs			uͤbel							HOUSEHOLD_RECIPES_048G 1753 Christian Reichardt Land- u. Garten-Schatzes. Bd. 4. Erfurt, 1753.txtae_potentially_smelly_passages_197.txt	annotator11.tsv
riechet	die - ſer Same			gut				wenn er duͤrre geworden			HOUSEHOLD_RECIPES_048G 1753 Christian Reichardt Land- u. Garten-Schatzes. Bd. 4. Erfurt, 1753.txtae_potentially_smelly_passages_197.txt	annotator9.tsv
uͤbel	des Kraͤuterichs | ſolcher			uͤbel							HOUSEHOLD_RECIPES_048G 1753 Christian Reichardt Land- u. Garten-Schatzes. Bd. 4. Erfurt, 1753.txtae_potentially_smelly_passages_197.txt	annotator9.tsv
ſolcher	des Kraͤuterichs			vergehet						ſo bald als er aber trocken geworden	HOUSEHOLD_RECIPES_048G 1753 Christian Reichardt Land- u. Garten-Schatzes. Bd. 4. Erfurt, 1753.txtae_potentially_smelly_passages_197.txt	annotator9.tsv
riechen	daran		Hund								MEDICINE_BOTANY_019G 1699 Abel, Heinrich Kaspar_ Wohlerfahrner Leib-Medicus der Studenten. Leipzig.txtao_potentially_smelly_passages_1374.txt	annotator11.tsv
riechen	daran	Tuͤchlein	Hund								MEDICINE_BOTANY_019G 1699 Abel, Heinrich Kaspar_ Wohlerfahrner Leib-Medicus der Studenten. Leipzig.txtao_potentially_smelly_passages_1374.txt	annotator11.tsv
riechen	die Materien einer Huͤndin		einen Hund								MEDICINE_BOTANY_019G 1699 Abel, Heinrich Kaspar_ Wohlerfahrner Leib-Medicus der Studenten. Leipzig.txtao_potentially_smelly_passages_1374.txt	annotator9.tsv
riechen	daran	ein Tuͤchlein	den Hund								MEDICINE_BOTANY_019G 1699 Abel, Heinrich Kaspar_ Wohlerfahrner Leib-Medicus der Studenten. Leipzig.txtao_potentially_smelly_passages_1374.txt	annotator9.tsv
Blüthenduft	Blüthenduft	die Luft	ich	herrlichsten					auf dem Decke	Am Morgen des 13 . | mit Tagesanbruch	TRAVEL_ETHNOGRAPHY_063G 1850 Ida Pfeiffer Eine Frauenfahrt um die Welt, Band 1. Wien, 1850.txtaa_potentially_smelly_passages_341.txt	annotator9.tsv
Duft	vom Lande	der Sturm		Duft					weit entfernt		TRAVEL_ETHNOGRAPHY_063G 1850 Ida Pfeiffer Eine Frauenfahrt um die Welt, Band 1. Wien, 1850.txtaa_potentially_smelly_passages_341.txt	annotator9.tsv
geduftet	Esma Khan			geduftet					in den Garten	einſt	TRAVEL_ETHNOGRAPHY_067G 1892 Karl May Durchs Wilde Kurdistan. Freiburg (Breisgau) 1892.txtal_potentially_smelly_passages_1175.txt	annotator9.tsv
Atem	des Kampfes		uns		ließ uns seltsam erschauern						LITERATURE_004G Ernst Junger 1922 In Stahlgewittern.txtaa_potentially_smelly_passages_2551.txt	annotator9.tsv
duftende	Kaffee			duftende							TRAVEL_ETHNOGRAPHY_067G 1892 Karl May Durchs Wilde Kurdistan. Freiburg (Breisgau) 1892.txtal_potentially_smelly_passages_1174.txt	annotator9.tsv
Phosgengeruch	Phosgengeruch	Luft		süßlicher					Draußen	am Morgen	LITERATURE_004G Ernst Junger 1922 In Stahlgewittern.txtaa_potentially_smelly_passages_2561.txt	annotator9.tsv
Phosgengeruch				süßlicher					Draußen | in der Luft		LITERATURE_004G Ernst Junger 1922 In Stahlgewittern.txtaa_potentially_smelly_passages_2561.txt	ger.tsv
schnuppert			Flock		fährt dieser erschrocken auf , und flink steht er auf den Beinen						TRAVEL_ETHNOGRAPHY_012G Arthur Achleitner Der Finanzer Leipzig 1916.txtaa_potentially_smelly_passages_848.txt	annotator9.tsv
duftete	Madana			duftete		Peterſilie					TRAVEL_ETHNOGRAPHY_067G 1892 Karl May Durchs Wilde Kurdistan. Freiburg (Breisgau) 1892.txtba_potentially_smelly_passages_661.txt	annotator9.tsv
Gerüchen	Madana		ich		Hätte mich die Feſſel nicht an dem Pferde feſtgehalten , ſo wäre ich einige Schritte zurückgewichen	verbranntem Hering | Seifenwaſſer | toten Ratten | faulen Fiſchen | Knoblauch					TRAVEL_ETHNOGRAPHY_067G 1892 Karl May Durchs Wilde Kurdistan. Freiburg (Breisgau) 1892.txtba_potentially_smelly_passages_661.txt	annotator9.tsv
reucht	Schwefel	Ertz		nicht				ſo mach das unterſte Vorſcheublein vor / und in das ober Loch leg eine Kohle / und thue ihm alſo kalt / ( dann das Roͤſten muß mit lindem Feuer geſchehen / ſonſt fuͤhret der Schwefel etwas mit weg / oder das Kupffer verbrennt auch wol vom Schwefel ) und laß es ſtehen / biß das Ertz im Schir - ben gluͤend worden iſt . Alsdann ſo nimb deine Schirbe herauß / und laß es kalt werden ( dann wañ mans offt gluͤet und kalt laͤſt werden / ſo entbindet ſich der Schwefel deſto beſſer ) und diß thue ſo offt		offt	SCIENCE_PHILOSOPHY_035G 1672 Lazarus Ercker Aula subterranea. Frankfurt (Main), 1672..txtam_potentially_smelly_passages_1340.txt	annotator9.tsv
riechen		es								alle mal	SCIENCE_PHILOSOPHY_035G 1672 Lazarus Ercker Aula subterranea. Frankfurt (Main), 1672..txtam_potentially_smelly_passages_1340.txt	annotator9.tsv
rieche	Schwefel	es									SCIENCE_PHILOSOPHY_035G 1672 Lazarus Ercker Aula subterranea. Frankfurt (Main), 1672..txtam_potentially_smelly_passages_1340.txt	annotator9.tsv
Schwefelſtanck	Schwefelſtanck | Schwefelſtanck	es		keinen				reibs auf einen Stein zu Pulver / und roͤſt es wieder			SCIENCE_PHILOSOPHY_035G 1672 Lazarus Ercker Aula subterranea. Frankfurt (Main), 1672..txtam_potentially_smelly_passages_1340.txt	annotator9.tsv
riechenden	dingen			wol							TRAVEL_ETHNOGRAPHY_026G 1647 Adam Olearius Offt begehrte Beschreibung Der Newen Orientalischen Rejse. Schleswig, 1647..txtaz_potentially_smelly_passages_131.txt	annotator9.tsv
aromatischem	Bergheu										LITERATURE_004G Ernst Junger 1922 In Stahlgewittern.txtaa_potentially_smelly_passages_2553.txt	annotator9.tsv
aromatischem	Bergheu								Scheune | Steinbau		LITERATURE_004G Ernst Junger 1922 In Stahlgewittern.txtaa_potentially_smelly_passages_2553.txt	ger.tsv
duftenden	blühende Äſte								Schatten		LITERATURE_020G 1835 Arnim, Bettina von_ Goethe_s Briefwechsel mit einem Kinde. Bd. 1. Berlin, 1835.txtae_potentially_smelly_passages_179.txt	annotator11.tsv
duftenden	Schatten			duftenden							LITERATURE_020G 1835 Arnim, Bettina von_ Goethe_s Briefwechsel mit einem Kinde. Bd. 1. Berlin, 1835.txtae_potentially_smelly_passages_179.txt	annotator9.tsv
riechen	Blumen				wie die bitteren Mandel-Kern ſchmecken						HOUSEHOLD_RECIPES_048G 1753 Christian Reichardt Land- u. Garten-Schatzes. Bd. 4. Erfurt, 1753.txtak_potentially_smelly_passages_734.txt	annotator11.tsv
riechen	gruͤnliche Blumen					wie die bitteren Mandel-Kern				Ende des Mayes	HOUSEHOLD_RECIPES_048G 1753 Christian Reichardt Land- u. Garten-Schatzes. Bd. 4. Erfurt, 1753.txtak_potentially_smelly_passages_734.txt	annotator9.tsv
duftende	Peter - ſilie			duftende | meiner armen Naſe					in der unmittelbaren Nähe		TRAVEL_ETHNOGRAPHY_067G 1892 Karl May Durchs Wilde Kurdistan. Freiburg (Breisgau) 1892.txtba_potentially_smelly_passages_662.txt	annotator9.tsv
dufteſt	Peterſilie			dufteſt					nicht draußen im Freien		TRAVEL_ETHNOGRAPHY_067G 1892 Karl May Durchs Wilde Kurdistan. Freiburg (Breisgau) 1892.txtba_potentially_smelly_passages_662.txt	annotator9.tsv
riechet	Laugen	Aſchen		nicht							SCIENCE_PHILOSOPHY_035G 1672 Lazarus Ercker Aula subterranea. Frankfurt (Main), 1672..txtab_potentially_smelly_passages_161.txt	annotator9.tsv
Wohlgeruch	Paraguaythee			ſehr viel einbüßt				Export			HOUSEHOLD_RECIPES_068G 1896 Heinrich Samter Das Reich der Erfindngen. Berlin, 1896..txtaz_potentially_smelly_passages_1117.txt	annotator11.tsv
Wohlgeruch	Paraguaythee | Paraguaythee			Wohlgeruch							HOUSEHOLD_RECIPES_068G 1896 Heinrich Samter Das Reich der Erfindngen. Berlin, 1896..txtaz_potentially_smelly_passages_1117.txt	annotator9.tsv
riechen			Die Geiſter								RELIGION_051G 1776 Emmanuel Swedenborg Auserlesene Schriften. Bd. 4. Frankfurt (Main), 1776.txtac_potentially_smelly_passages_1316.txt	annotator9.tsv
geruchlos	Glycerin			abſolut							HOUSEHOLD_RECIPES_068G 1896 Heinrich Samter Das Reich der Erfindngen. Berlin, 1896..txtbi_potentially_smelly_passages_457.txt	annotator11.tsv
geruchlos	geruchlos | geruchlos			geruchlos | geruchlos | geruchlos							HOUSEHOLD_RECIPES_068G 1896 Heinrich Samter Das Reich der Erfindngen. Berlin, 1896..txtbi_potentially_smelly_passages_457.txt	annotator9.tsv
duftet	Gegenwart | Erinnerung										LITERATURE_020G 1835 Arnim, Bettina von_ Goethe_s Briefwechsel mit einem Kinde. Bd. 1. Berlin, 1835.txtae_potentially_smelly_passages_176.txt	annotator11.tsv
duftet	Erinnerung und Gegenwart			duftet					unter der Linde		LITERATURE_020G 1835 Arnim, Bettina von_ Goethe_s Briefwechsel mit einem Kinde. Bd. 1. Berlin, 1835.txtae_potentially_smelly_passages_176.txt	annotator9.tsv
riechenden	Urin		welche bey Leibes-Leben Raͤu - bereyen zu Land und auf dem Waſſer getrieben haben	ſtinkenden und ſtark							RELIGION_051G 1776 Emmanuel Swedenborg Auserlesene Schriften. Bd. 4. Frankfurt (Main), 1776.txtaf_potentially_smelly_passages_1137.txt	annotator9.tsv
ſtinkenden	Pfuͤtzen			ſtinkenden							RELIGION_051G 1776 Emmanuel Swedenborg Auserlesene Schriften. Bd. 4. Frankfurt (Main), 1776.txtaf_potentially_smelly_passages_1137.txt	annotator9.tsv
Geſtank	Urin		ein Raͤuber	Geſtank							RELIGION_051G 1776 Emmanuel Swedenborg Auserlesene Schriften. Bd. 4. Frankfurt (Main), 1776.txtaf_potentially_smelly_passages_1137.txt	annotator9.tsv
Käſegeruch	Valerianſäure			eigentümlichen							HOUSEHOLD_RECIPES_068G 1896 Heinrich Samter Das Reich der Erfindngen. Berlin, 1896..txtax_potentially_smelly_passages_2315.txt	annotator11.tsv
reucht	ein Baum			ſo lieblich		als ein wol - riechende koͤſtliche Roſe		wann die Zimmer Leut das Holtz hieben / vnd außpolierten	im ſelbigen Land		TRAVEL_ETHNOGRAPHY_024G 1631 Johann Ludwig Gottfried Newe Welt Vnd Americanische Historien. Frankfurt (Main), 1631..txtal_potentially_smelly_passages_468.txt	annotator9.tsv
riechende	koͤſtliche Roſe			wol							TRAVEL_ETHNOGRAPHY_024G 1631 Johann Ludwig Gottfried Newe Welt Vnd Americanische Historien. Frankfurt (Main), 1631..txtal_potentially_smelly_passages_468.txt	annotator9.tsv
ſtincket	Aovaj			ſtincket | ſo vbel	kan niemand ſein Geſtanck außſtehen	als wie Knoblauch		wann man denſelbigen hawet oder brennet			TRAVEL_ETHNOGRAPHY_024G 1631 Johann Ludwig Gottfried Newe Welt Vnd Americanische Historien. Frankfurt (Main), 1631..txtal_potentially_smelly_passages_468.txt	annotator9.tsv
Geſtanck	Aovaj		niemand	Geſtanck							TRAVEL_ETHNOGRAPHY_024G 1631 Johann Ludwig Gottfried Newe Welt Vnd Americanische Historien. Frankfurt (Main), 1631..txtal_potentially_smelly_passages_468.txt	annotator9.tsv
duften	Deine langen Locken					wie der Hauch Gulilik					TRAVEL_ETHNOGRAPHY_067G 1892 Karl May Durchs Wilde Kurdistan. Freiburg (Breisgau) 1892.txtag_potentially_smelly_passages_487.txt	annotator9.tsv
riechenden	Schweisse	Haut		widrig							MEDICINE_BOTANY_003G Johann Ferdinand Heyfelder 1832 Die Cholera in Frankreich.txtag_potentially_smelly_passages_52.txt	annotator11.tsv
Geruch	Flüssigkeit			fauligen | unangenehmen							MEDICINE_BOTANY_003G Johann Ferdinand Heyfelder 1832 Die Cholera in Frankreich.txtag_potentially_smelly_passages_52.txt	annotator11.tsv
riechenden	Schweisse			widrig							MEDICINE_BOTANY_003G Johann Ferdinand Heyfelder 1832 Die Cholera in Frankreich.txtag_potentially_smelly_passages_52.txt	annotator9.tsv
Geruch	per anum entleerte Flüssigkeit | Erbrechen			unangenehmen | fauligen							MEDICINE_BOTANY_003G Johann Ferdinand Heyfelder 1832 Die Cholera in Frankreich.txtag_potentially_smelly_passages_52.txt	annotator9.tsv
riechende	Druſenbranntwein			eigentümlich							HOUSEHOLD_RECIPES_068G 1896 Heinrich Samter Das Reich der Erfindngen. Berlin, 1896..txtay_potentially_smelly_passages_67.txt	annotator11.tsv
riechende	Druſenbranntwein			eigentümlich					Aus dem Weingeläger		HOUSEHOLD_RECIPES_068G 1896 Heinrich Samter Das Reich der Erfindngen. Berlin, 1896..txtay_potentially_smelly_passages_67.txt	annotator9.tsv
Geruch	Blumen	die Waͤſche		angenehmen							HOUSEHOLD_RECIPES_048G 1753 Christian Reichardt Land- u. Garten-Schatzes. Bd. 4. Erfurt, 1753.txtaj_potentially_smelly_passages_1674.txt	annotator11.tsv
Geruch	Blumen			angenehmen				bey die Waͤſche in eine Lade leget			HOUSEHOLD_RECIPES_048G 1753 Christian Reichardt Land- u. Garten-Schatzes. Bd. 4. Erfurt, 1753.txtaj_potentially_smelly_passages_1674.txt	annotator9.tsv
wohlriechende	Wurzel			wohlriechende							HOUSEHOLD_RECIPES_048G 1753 Christian Reichardt Land- u. Garten-Schatzes. Bd. 4. Erfurt, 1753.txtaj_potentially_smelly_passages_1674.txt	annotator9.tsv
Witterung	von mir		Mein Hund		ist jetzt nachgelaufen .				drüben		TRAVEL_ETHNOGRAPHY_012G Arthur Achleitner Der Finanzer Leipzig 1916.txtab_potentially_smelly_passages_497.txt	annotator9.tsv
schnupperte			Flock		winseln						TRAVEL_ETHNOGRAPHY_012G Arthur Achleitner Der Finanzer Leipzig 1916.txtab_potentially_smelly_passages_497.txt	annotator9.tsv
Nase	ein Ballen Kaffee		Flocks								TRAVEL_ETHNOGRAPHY_012G Arthur Achleitner Der Finanzer Leipzig 1916.txtab_potentially_smelly_passages_497.txt	annotator9.tsv
riechende	Flüssigkeit			fade							MEDICINE_BOTANY_003G Johann Ferdinand Heyfelder 1832 Die Cholera in Frankreich.txtai_potentially_smelly_passages_856.txt	annotator11.tsv
stinkende	Flüssigkeit										MEDICINE_BOTANY_003G Johann Ferdinand Heyfelder 1832 Die Cholera in Frankreich.txtai_potentially_smelly_passages_856.txt	annotator11.tsv
riechende	Flüssigkeit		Bouillaud	fade					in den Dünndärmen		MEDICINE_BOTANY_003G Johann Ferdinand Heyfelder 1832 Die Cholera in Frankreich.txtai_potentially_smelly_passages_856.txt	annotator9.tsv
stinkende	Flüssigkeit		Bouillaud	stinkende					in den Dünndärmen	häufig	MEDICINE_BOTANY_003G Johann Ferdinand Heyfelder 1832 Die Cholera in Frankreich.txtai_potentially_smelly_passages_856.txt	annotator9.tsv
stin - kend	Cou - tentis der dicken Därme			stin - kend							MEDICINE_BOTANY_003G Johann Ferdinand Heyfelder 1832 Die Cholera in Frankreich.txtai_potentially_smelly_passages_856.txt	annotator9.tsv
Geruch	Blätter			duftigen							HOUSEHOLD_RECIPES_068G 1896 Heinrich Samter Das Reich der Erfindngen. Berlin, 1896..txtaz_potentially_smelly_passages_1121.txt	annotator11.tsv
Geruch	Theeblätter | Theeblätter			duftigen							HOUSEHOLD_RECIPES_068G 1896 Heinrich Samter Das Reich der Erfindngen. Berlin, 1896..txtaz_potentially_smelly_passages_1121.txt	annotator9.tsv
Luft	frische Luft			erquickend					vom See	Im köstlichen Sommermorgen	TRAVEL_ETHNOGRAPHY_012G Arthur Achleitner Der Finanzer Leipzig 1916.txtab_potentially_smelly_passages_496.txt	annotator9.tsv
Wohlgeruch	der nahe Wald			Wohlgeruch | duftet | harzig						Im köstlichen Sommermorgen	TRAVEL_ETHNOGRAPHY_012G Arthur Achleitner Der Finanzer Leipzig 1916.txtab_potentially_smelly_passages_496.txt	annotator9.tsv
riechen	ſie					wie Wacholder Wurtzeln					TRAVEL_ETHNOGRAPHY_024G 1631 Johann Ludwig Gottfried Newe Welt Vnd Americanische Historien. Frankfurt (Main), 1631..txtal_potentially_smelly_passages_467.txt	annotator9.tsv
Verwesungsgeruch	Verwesungsgeruch				kaum mehr auszuhalten					Um 11 Uhr	LITERATURE_004G Ernst Junger 1922 In Stahlgewittern.txtaa_potentially_smelly_passages_2570.txt	annotator9.tsv
Verwesungsgeruch					kaum mehr auszuhalten				in der schwülen Luft		LITERATURE_004G Ernst Junger 1922 In Stahlgewittern.txtaa_potentially_smelly_passages_2570.txt	ger.tsv
